<?xml version="1.0"?>
<!--<!DOCTYPE metadata SYSTEM "http://www.esri.com/metadata/esriprof80.dtd">-->
<metadata xml:lang="en"><Esri><CreaDate>20151014</CreaDate><CreaTime>08442400</CreaTime><SyncOnce>FALSE</SyncOnce><SyncDate>20140804</SyncDate><SyncTime>11084000</SyncTime><ModDate>20140804</ModDate><ModTime>11084000</ModTime><DataProperties><lineage><Process ToolSource="D:\ArcGIS\ArcToolbox\Toolboxes\Conversion Tools.tbx\FeatureClassToFeatureClass" Date="20140804" Time="111027">FeatureClassToFeatureClass "D:\DATA\Connection to GDM PDN4V.sde\GDM.LTALayers\GDM.Footpath" "D:\DATA\Connection to GDM PDN4.sde\GDM.LTALayers" Footpath # "JOB_NUM 'Job No' true false false 20 Text 0 0 ,First,#,D:\DATA\Connection to GDM PDN4V.sde\GDM.LTALayers\GDM.Footpath,JOB_NUM,-1,-1;TYP_CD 'Type of Feature' true false false 4 Text 0 0 ,First,#,D:\DATA\Connection to GDM PDN4V.sde\GDM.LTALayers\GDM.Footpath,TYP_CD,-1,-1;WDT_CATG_CD 'Width of Footpath' true false false 2 Short 0 4 ,First,#,D:\DATA\Connection to GDM PDN4V.sde\GDM.LTALayers\GDM.Footpath,WDT_CATG_CD,-1,-1;GRNT_IND 'Grating Indicator' true false false 1 Text 0 0 ,First,#,D:\DATA\Connection to GDM PDN4V.sde\GDM.LTALayers\GDM.Footpath,GRNT_IND,-1,-1;LVL_NUM 'Level of Road' true false false 2 Short 0 4 ,First,#,D:\DATA\Connection to GDM PDN4V.sde\GDM.LTALayers\GDM.Footpath,LVL_NUM,-1,-1;EXCEPTION_IND 'Exception Indicator' true true false 1 Text 0 0 ,First,#,D:\DATA\Connection to GDM PDN4V.sde\GDM.LTALayers\GDM.Footpath,EXCEPTION_IND,-1,-1;LAST_UPD_USRID_NUM 'Last Update User ID' true false false 8 Text 0 0 ,First,#,D:\DATA\Connection to GDM PDN4V.sde\GDM.LTALayers\GDM.Footpath,LAST_UPD_USRID_NUM,-1,-1;LAST_UPD_DTTM 'Last Update Date' true false false 36 Date 0 0 ,First,#,D:\DATA\Connection to GDM PDN4V.sde\GDM.LTALayers\GDM.Footpath,LAST_UPD_DTTM,-1,-1;CRT_USRID_NUM 'Create User ID' true false false 8 Text 0 0 ,First,#,D:\DATA\Connection to GDM PDN4V.sde\GDM.LTALayers\GDM.Footpath,CRT_USRID_NUM,-1,-1;CRT_DTTM 'Create Date' true false false 36 Date 0 0 ,First,#,D:\DATA\Connection to GDM PDN4V.sde\GDM.LTALayers\GDM.Footpath,CRT_DTTM,-1,-1;RD_CD 'RD_CD' true true false 6 Text 0 0 ,First,#,D:\DATA\Connection to GDM PDN4V.sde\GDM.LTALayers\GDM.Footpath,RD_CD,-1,-1;PKG_REF 'PKG_REF' true true false 50 Text 0 0 ,First,#,D:\DATA\Connection to GDM PDN4V.sde\GDM.LTALayers\GDM.Footpath,PKG_REF,-1,-1;SHAPE_LEN 'SHAPE_LEN' false false true 0 Double 0 0 ,First,#,D:\DATA\Connection to GDM PDN4V.sde\GDM.LTALayers\GDM.Footpath,SHAPE.LEN,-1,-1" # "D:\DATA\Connection to GDM PDN4.sde\GDM.LTALayers\GDM.Footpath"</Process></lineage></DataProperties><MetaID>{161DC197-06F4-432B-B0A6-D4A7D2227F2C}</MetaID></Esri><idinfo><native Sync="TRUE">Microsoft Windows Vista Version 6.0 (Build 6002) Service Pack 2; ESRI ArcCatalog 9.3.1.3000</native><descript><langdata Sync="TRUE">en</langdata><abstract>A symbolic line representation of a path designated for the use of pedestrians
</abstract><purpose>Inventory Asset Management Purposes</purpose></descript><citation><citeinfo><origin>Land Transport Authority</origin><pubdate>31 Mar 1999</pubdate><title>Footpath</title><ftname Sync="TRUE">GDM.Footpath</ftname><geoform Sync="TRUE">vector digital data</geoform><onlink Sync="TRUE"></onlink></citeinfo></citation><timeperd><current>ground condition</current><timeinfo><sngdate><caldate>unknown</caldate></sngdate></timeinfo></timeperd><status><progress>Complete</progress><update>Continually</update></status><spdom><bounding><westbc Sync="TRUE">103.621046</westbc><eastbc Sync="TRUE">104.021305</eastbc><northbc Sync="TRUE">1.469928</northbc><southbc Sync="TRUE">1.253364</southbc></bounding><lboundng><leftbc Sync="TRUE">4377.560345</leftbc><rightbc Sync="TRUE">48919.730479</rightbc><bottombc Sync="TRUE">26217.099612</bottombc><topbc Sync="TRUE">50162.706373</topbc></lboundng></spdom><keywords><theme><themekt>NA</themekt><themekey>Road Inventory, Road Furniture, Road Elements</themekey></theme></keywords><accconst>On need basis</accconst><useconst>The data is for internal use only</useconst><natvform Sync="TRUE">SDE Feature Class</natvform><ptcontac><cntinfo><cntperp><cntper>Jamaludeen Bin Sheik Noordin</cntper><cntorg>Land Transport Authority</cntorg></cntperp><cntpos>Engineer</cntpos><cntaddr><addrtype>mailing address</addrtype><address>251 North Bridge Road Singapore 179102</address></cntaddr><cntvoice>63328915</cntvoice></cntinfo></ptcontac></idinfo><dataIdInfo><envirDesc Sync="TRUE">Microsoft Windows Vista Version 6.0 (Build 6002) Service Pack 2; ESRI ArcCatalog 9.3.1.3000</envirDesc><dataLang><languageCode Sync="TRUE" value="en"></languageCode></dataLang><idCitation><resTitle Sync="TRUE">GDM.Footpath</resTitle><presForm><PresFormCd Sync="TRUE" value="005"></PresFormCd></presForm></idCitation><spatRpType><SpatRepTypCd Sync="TRUE" value="001"></SpatRepTypCd></spatRpType><dataExt><geoEle><GeoBndBox esriExtentType="native"><westBL Sync="TRUE">4377.560345</westBL><eastBL Sync="TRUE">48919.730479</eastBL><northBL Sync="TRUE">50162.706373</northBL><southBL Sync="TRUE">26217.099612</southBL><exTypeCode Sync="TRUE">1</exTypeCode></GeoBndBox></geoEle></dataExt><geoBox esriExtentType="decdegrees"><westBL Sync="TRUE">103.621046</westBL><eastBL Sync="TRUE">104.021305</eastBL><northBL Sync="TRUE">1.469928</northBL><southBL Sync="TRUE">1.253364</southBL><exTypeCode Sync="TRUE">1</exTypeCode></geoBox></dataIdInfo><metainfo><langmeta Sync="TRUE">en</langmeta><metstdn Sync="TRUE">FGDC Content Standards for Digital Geospatial Metadata</metstdn><metstdv Sync="TRUE">FGDC-STD-001-1998</metstdv><mettc Sync="TRUE">local time</mettc><metc><cntinfo><cntaddr><addrtype>mailing address</addrtype><city>REQUIRED: The city of the address.</city><state>REQUIRED: The state or province of the address.</state><postal>REQUIRED: The ZIP or other postal code of the address.</postal><address>251 North Bridge Road Singapore 179102 </address></cntaddr><cntvoice>63328915</cntvoice><cntperp><cntper>Jamaludeen Bin Sheik Noordin</cntper><cntorg>Land Transport Authority</cntorg></cntperp><cntpos>Engineer</cntpos></cntinfo></metc><metd Sync="TRUE">20140804</metd><metextns><onlink Sync="TRUE">http://www.esri.com/metadata/esriprof80.html</onlink><metprof Sync="TRUE">ESRI Metadata Profile</metprof></metextns></metainfo><mdLang><languageCode Sync="TRUE" value="en"></languageCode></mdLang><mdStanName Sync="TRUE">ISO 19115 Geographic Information - Metadata</mdStanName><mdStanVer Sync="TRUE">DIS_ESRI1.0</mdStanVer><mdChar><CharSetCd Sync="TRUE" value="004"></CharSetCd></mdChar><mdHrLv><ScopeCd Sync="TRUE" value="005"></ScopeCd></mdHrLv><mdHrLvName Sync="TRUE">dataset</mdHrLvName><distinfo><resdesc Sync="TRUE">Downloadable Data</resdesc></distinfo><distInfo><distributor><distorTran><onLineSrc><orDesc Sync="TRUE">002</orDesc><linkage Sync="TRUE">file://</linkage><protocol Sync="TRUE">Local Area Network</protocol></onLineSrc></distorTran><distorFormat><formatName Sync="TRUE">SDE Feature Class</formatName></distorFormat></distributor></distInfo><spdoinfo><direct Sync="TRUE">Vector</direct><ptvctinf><esriterm Name="GDM.Footpath"><efeatyp Sync="TRUE">Simple</efeatyp><efeageom Sync="TRUE">Polyline</efeageom><esritopo Sync="TRUE">FALSE</esritopo><efeacnt Sync="TRUE">0</efeacnt><spindex Sync="TRUE">TRUE</spindex><linrefer Sync="TRUE">FALSE</linrefer><XYRank Sync="TRUE">1</XYRank><ZRank Sync="TRUE">1</ZRank><topoWeight Sync="TRUE">5.000000</topoWeight><validateEvents Sync="TRUE">FALSE</validateEvents><partTopoRules><topoRuleID Sync="TRUE">29</topoRuleID></partTopoRules><partTopoRules><topoRuleID Sync="TRUE">30</topoRuleID></partTopoRules></esriterm><sdtsterm Name="GDM.Footpath"><sdtstype Sync="TRUE">String</sdtstype><ptvctcnt Sync="TRUE">0</ptvctcnt></sdtsterm></ptvctinf></spdoinfo><spref><horizsys><cordsysn><geogcsn Sync="TRUE">GCS_WGS_1984</geogcsn><projcsn Sync="TRUE">SVY21</projcsn></cordsysn><planar><planci><plance Sync="TRUE">coordinate pair</plance><plandu Sync="TRUE">meters</plandu><coordrep><absres Sync="TRUE">0.000007</absres><ordres Sync="TRUE">0.000007</ordres></coordrep></planci><mapproj><mapprojn Sync="TRUE">Transverse Mercator</mapprojn><transmer><sfctrmer Sync="TRUE">1.000000</sfctrmer><longcm Sync="TRUE">103.833333</longcm><latprjo Sync="TRUE">1.366667</latprjo><feast Sync="TRUE">28001.642000</feast><fnorth Sync="TRUE">38744.572000</fnorth></transmer></mapproj></planar><geodetic><horizdn Sync="TRUE">D_WGS_1984</horizdn><ellips Sync="TRUE">WGS_1984</ellips><semiaxis Sync="TRUE">6378137.000000</semiaxis><denflat Sync="TRUE">298.257224</denflat></geodetic></horizsys><vertdef><altsys><altenc Sync="TRUE">Explicit elevation coordinate included with horizontal coordinates</altenc><altres Sync="TRUE">1.000000</altres></altsys></vertdef></spref><refSysInfo><RefSystem><refSysID><identCode Sync="TRUE">SVY21</identCode></refSysID></RefSystem></refSysInfo><spatRepInfo><VectSpatRep><topLvl><TopoLevCd Sync="TRUE" value="001"></TopoLevCd></topLvl><geometObjs Name="GDM.Footpath"><geoObjTyp><GeoObjTypCd Sync="TRUE" value="001"></GeoObjTypCd></geoObjTyp><geoObjCnt Sync="TRUE">0</geoObjCnt></geometObjs></VectSpatRep></spatRepInfo><eainfo><detailed Name="GDM.Footpath"><enttyp><enttypl>Footpath</enttypl><enttypt Sync="TRUE">Feature Class</enttypt><enttypc Sync="TRUE">0</enttypc></enttyp><attr><attrlabl Sync="TRUE">OBJECTID</attrlabl><attalias Sync="TRUE">OBJECTID</attalias><attrtype Sync="TRUE">OID</attrtype><attwidth Sync="TRUE">4</attwidth><atprecis Sync="TRUE">10</atprecis><attscale Sync="TRUE">0</attscale><attrdef Sync="TRUE">Internal feature number.</attrdef><attrdefs Sync="TRUE">ESRI</attrdefs><attrdomv><udom Sync="TRUE">Sequential unique whole numbers that are automatically generated.</udom></attrdomv></attr><attr><attrlabl Sync="TRUE">JOB_NUM</attrlabl><attalias Sync="TRUE">Job No</attalias><attrtype Sync="TRUE">String</attrtype><attwidth Sync="TRUE">20</attwidth><atprecis Sync="TRUE">0</atprecis><attscale Sync="TRUE">0</attscale></attr><attr><attrlabl Sync="TRUE">TYP_CD</attrlabl><attalias Sync="TRUE">Type of Feature</attalias><attrtype Sync="TRUE">String</attrtype><attwidth Sync="TRUE">4</attwidth><atprecis Sync="TRUE">0</atprecis><attscale Sync="TRUE">0</attscale></attr><attr><attrlabl Sync="TRUE">WDT_CATG_CD</attrlabl><attalias Sync="TRUE">Width of Footpath</attalias><attrtype Sync="TRUE">SmallInteger</attrtype><attwidth Sync="TRUE">2</attwidth><atprecis Sync="TRUE">4</atprecis><attscale Sync="TRUE">0</attscale></attr><attr><attrlabl Sync="TRUE">GRNT_IND</attrlabl><attalias Sync="TRUE">Grating Indicator</attalias><attrtype Sync="TRUE">String</attrtype><attwidth Sync="TRUE">1</attwidth><atprecis Sync="TRUE">0</atprecis><attscale Sync="TRUE">0</attscale></attr><attr><attrlabl Sync="TRUE">LVL_NUM</attrlabl><attalias Sync="TRUE">Level of Road</attalias><attrtype Sync="TRUE">SmallInteger</attrtype><attwidth Sync="TRUE">2</attwidth><atprecis Sync="TRUE">4</atprecis><attscale Sync="TRUE">0</attscale></attr><attr><attrlabl Sync="TRUE">EXCEPTION_IND</attrlabl><attalias Sync="TRUE">Exception Indicator</attalias><attrtype Sync="TRUE">String</attrtype><attwidth Sync="TRUE">1</attwidth><atprecis Sync="TRUE">0</atprecis><attscale Sync="TRUE">0</attscale></attr><attr><attrlabl Sync="TRUE">LAST_UPD_USRID_NUM</attrlabl><attalias Sync="TRUE">Last Update User ID</attalias><attrtype Sync="TRUE">String</attrtype><attwidth Sync="TRUE">8</attwidth><atprecis Sync="TRUE">0</atprecis><attscale Sync="TRUE">0</attscale></attr><attr><attrlabl Sync="TRUE">LAST_UPD_DTTM</attrlabl><attalias Sync="TRUE">Last Update Date</attalias><attrtype Sync="TRUE">Date</attrtype><attwidth Sync="TRUE">36</attwidth><atprecis Sync="TRUE">0</atprecis><attscale Sync="TRUE">0</attscale></attr><attr><attrlabl Sync="TRUE">CRT_USRID_NUM</attrlabl><attalias Sync="TRUE">Create User ID</attalias><attrtype Sync="TRUE">String</attrtype><attwidth Sync="TRUE">8</attwidth><atprecis Sync="TRUE">0</atprecis><attscale Sync="TRUE">0</attscale></attr><attr><attrlabl Sync="TRUE">CRT_DTTM</attrlabl><attalias Sync="TRUE">Create Date</attalias><attrtype Sync="TRUE">Date</attrtype><attwidth Sync="TRUE">36</attwidth><atprecis Sync="TRUE">0</atprecis><attscale Sync="TRUE">0</attscale></attr><attr><attrlabl Sync="TRUE">RD_CD</attrlabl><attalias Sync="TRUE">RD_CD</attalias><attrtype Sync="TRUE">String</attrtype><attwidth Sync="TRUE">6</attwidth><atprecis Sync="TRUE">0</atprecis><attscale Sync="TRUE">0</attscale></attr><attr><attrlabl Sync="TRUE">PKG_REF</attrlabl><attalias Sync="TRUE">PKG_REF</attalias><attrtype Sync="TRUE">String</attrtype><attwidth Sync="TRUE">50</attwidth><atprecis Sync="TRUE">0</atprecis><attscale Sync="TRUE">0</attscale></attr><attr><attrlabl>Shape</attrlabl><attalias Sync="TRUE">Shape</attalias><attrtype Sync="TRUE">Geometry</attrtype><attwidth Sync="TRUE">4</attwidth><atprecis Sync="TRUE">0</atprecis><attscale Sync="TRUE">0</attscale><attrdef Sync="TRUE">Feature geometry.</attrdef><attrdefs Sync="TRUE">ESRI</attrdefs><attrdomv><udom Sync="TRUE">Coordinates defining the features.</udom></attrdomv></attr><attr><attrlabl Sync="TRUE">SHAPE.LEN</attrlabl><attalias Sync="TRUE">SHAPE.LEN</attalias><attrtype Sync="TRUE">Double</attrtype><attwidth Sync="TRUE">0</attwidth><atprecis Sync="TRUE">0</atprecis><attscale Sync="TRUE">0</attscale></attr></detailed><detailed Name="GDM.rdctrln_fp"><enttyp><enttypl Sync="TRUE">GDM.rdctrln_fp</enttypl><enttypt Sync="TRUE">Relationship</enttypt></enttyp></detailed></eainfo><mdDateSt Sync="TRUE">20140804</mdDateSt><dataqual><attracc><qattracc><attraccv>Mandatory fields are complete</attraccv></qattracc></attracc><posacc><horizpa><qhorizpa><horizpav>0.5 metres</horizpav><horizpae>Indicative locations</horizpae></qhorizpa></horizpa><vertacc><qvertpa><vertaccv>NA</vertaccv><vertacce>NA</vertacce></qvertpa></vertacc></posacc><lineage><procstep><procdesc Sync="TRUE">Dataset copied.</procdesc><srcused Sync="TRUE">Server=rimsus3; Service=5151; User=gdm_temp; Version=SDE.DEFAULT</srcused><procdate Sync="TRUE">20110310</procdate><proctime Sync="TRUE">19223400</proctime></procstep><procstep><procdesc Sync="TRUE">Dataset copied.</procdesc><srcused Sync="TRUE">Server=hupa19; Service=5181; User=gdm; Version=SDE.DEFAULT</srcused><procdate Sync="TRUE">20110321</procdate><proctime Sync="TRUE">22353500</proctime></procstep><procstep><procdesc Sync="TRUE">Dataset copied.</procdesc><srcused Sync="TRUE">Server=HUPA19; Service=5181; User=GDM; Version=SDE.DEFAULT</srcused><procdate Sync="TRUE">20151014</procdate><proctime Sync="TRUE">08442400</proctime></procstep></lineage></dataqual></metadata>
